"DocCode","TypeCode","DocName","Category","Bytes","RptHash"
"ACT10001","ACT1","Account Index (System)","P","",""
"ACT20001","ACT2","BP Index (System)","P","",""
"ADM10001","ADM1","Current Configuration Report (System)","C","267264","EB0D776F136D1BF2C1C540722FE46114"
"ADM20001","ADM2","Configuration Comparison Report (System)","C","610304","23EF2732EC7980EA9A88E8ACCAF21C18"
"ADM30001","ADM3","Saved Configuration Report (System)","C","286208","DE0142F89526789A9E6B5B746F4394D8"
"ADV10001","ADV1","Advances on Corp. Tax on Turnover Report (System)","P","",""
"AGE10001","AGE1","Business Partner Ageing (Summary) (System)","P","",""
"AGE10002","AGE1","Business Partner Ageing (Summary) - CR (GB) (System)","C","76288","AD4F3833280E3465D3CCB030A69FD311"
"AGE10003","AGE1","BP Ageing - Horizontal Layout (Summary) (System)","P","",""
"AGE10004","AGE1","Business Partner Ageing With Chart(Summary) - CR(GB) (System)","C","115712","A774A767CAB54A056A6E30FE67CB0BE2"
"AGE20001","AGE2","Business Partner Ageing (Details) (System)","P","",""
"AGE20002","AGE2","Business Partner Ageing (Details) - CR (GB) (System)","C","84992","35CA070A1CE1192CBD899F49BF1A1295"
"AGE20003","AGE2","BP Ageing - Horizontal Layout (Details) (System)","P","",""
"AGE20005","AGE2","BP Ageing - Consolidated Horizontal Layout (Details) (System)","P","",""
"AGE20007","AGE2","BP Ageing - Consolidated Horizontal Layout (Summary) (System)","P","",""
"AGE30001","AGE3","Collection Report (System)","P","",""
"AGE30002","AGE3","Collection Report - CR (GB) (System)","C","84992","9D43F5BCC931696A2B918DED332782B4"
"AGE40001","AGE4","APA Card Liabilities Ageing - Summary (System)","P","",""
"AGE40002","AGE4","Ageing Summary (by Employee) - CR (GB) (System)","C","77824","6E7C3C8B41204335717CD43EEE39B9D1"
"AGE50001","AGE5","APA Card Liabilities Ageing - Details (System)","P","",""
"AGE50002","AGE5","Ageing Details (by Employee) - CR (GB) (System)","C","77824","4AD6DDB234B3424076D9A5577CC46B9A"
"AGE60001","AGE6","APA Collection Report (System)","P","",""
"AGE60002","AGE6","Collection Report (by Employee)  - CR (GB) (System)","C","72192","CA82A5A0607456749C5AEEA30CF95BCF"
"BAL10001","BAL1","Balance Sheet (System)","P","",""
"BAL10002","BAL1","Balance Sheet - CR (GB) (System)","C","128000","E7830FFBF971B2FF644CCEB936B57A76"
"BAL10003","BAL1","Balance Sheet (System)","P","",""
"BAL10004","BAL1","Balance Sheet (CR) (System)","C","89088","64F8385F191970C794216FC5EA0631EB"
"BAL20001","BAL2","Vertical Balance Sheet Comparison (System)","P","",""
"BAL30001","BAL3","Periodic Balance Sheet (System)","P","",""
"BAL30002","BAL3","Periodic Balance Sheet - CR (GB) (System)","C","73728","50F80F5ECBE2AECDF2BAEFBD50AABCF5"
"BAL40001","BAL4","Vertical Balance Sheet (System)","P","",""
"BAL40002","BAL4","Vertical Balance Sheet - CR (GB) (System)","C","68608","7213719CC9F4E7487EB06BE201FE790B"
"BAL40003","BAL4","Balance Sheet (CR) (System)","C","89088","8C5ADE0E79CD4A9A46A442CEBE5E7341"
"BAL50001","BAL5","Balance Sheet Comparison (System)","P","",""
"BGT00001","BGT0","Budget (System)","P","",""
"BGT10001","BGT1","Monthly Budget Report (System)","P","",""
"BGT20001","BGT2","Annual Budget Report (System)","P","",""
"BGT30001","BGT3","Budget Report - Graph (System)","P","",""
"BGT40001","BGT4","Budget Balance Sheet (System)","P","",""
"BGT50001","BGT5","Profit & Loss Statement Budget Report (System)","P","",""
"BGT60001","BGT6","Budget Trial Balance (System)","P","",""
"BGT70001","BGT7","Periodic Budget Balance Sheet (System)","P","",""
"BGT80001","BGT8","Periodic Profit & Loss Statement Budget Report (System)","P","",""
"BGT90001","BGT9","Periodic Budget Trial Balance (System)","P","",""
"BIN10001","BIN1","Bin Location List - CR (System)","C","72704","0B2014CA4C502732F9048E737312C865"
"BIN20001","BIN2","Bin Location Content List - CR (System)","C","77312","7A83579A94DF4AC6174B565A06714C70"
"BMU10001","BMU1","BOM Update Report (System)","P","",""
"BNK00001","BNK0","Bank Statement Report (System)","P","",""
"BOE10001","BOE1","AP Generation BoE  : Prenumbered BoE (System)","P","",""
"BOE20001","BOE2","AP Generation Bill of Exchange: Pre-numbered BoE (System)","P","",""
"BOE20003","BOE2","Bill of Exchange_Receivables (System)","P","",""
"BOE30001","BOE3","Bill of Exchange Status Details (System)","P","",""
"BOE40001","BOE4","Bill of Exchange Deposited Details (System)","P","",""
"BOT10001","BOT1","Bill of Exchange Transaction (System)","P","",""
"BOT20001","BOT2","BoE Managment - Sent Status (System)","P","",""
"BOT30001","BOT3","BoE Management - Generated Status (System)","P","",""
"BOT40001","BOT4","BoE Management - Deposited Status (System)","P","",""
"BOT50001","BOT5","BoE Managment - Paid Status (System)","P","",""
"BOT60001","BOT6","BoE Management - Failed Status (System)","P","",""
"BOT70001","BOT7","BoE Management - Cancelled Status (System)","P","",""
"BOT80001","BOT8","BoE Management - All Statuses (System)","P","",""
"BOT90001","BOT9","Bill of Exchange Mgt - Closed Status (System)","P","",""
"BOX10001","BOX1","VAT Declaration Boxes (System)","P","",""
"BOX10002","BOX1","VAT Declaration Boxes - CR (GB) (System)","C","66048","89707FA359AB34207B6D614E331877C3"
"BPL10001","BPL1","Profit and Loss Statement (System)","P","",""
"BPL10002","BPL1","Profit and Loss Statement - CR (GB) (System)","C","31232","FC0761C16789249FE95F441C5BD6B31D"
"BPL10003","BPL1","Profit and Loss Statement (CR) (System)","C","82432","AD79824BA86A53A88A4B3BE8309C2F3F"
"BPL20001","BPL2","Profit and Loss Statement Comparison (System)","P","",""
"BPL30001","BPL3","Periodic Profit & Loss Statement (System)","P","",""
"BPL30002","BPL3","Periodic Profit and Loss Statement - CR (GB) (System)","C","73216","D775B7FC46A19C1A743005E71E3D4538"
"BPL40001","BPL4","Profit and Loss Statement (System)","P","",""
"BRDR0001","BRDR","Backorder Report (System)","P","",""
"BRDR0003","BRDR","Backorder Report  (EhP) (System)","P","",""
"BTN10001","BTN1","Batch Numbers (System)","P","",""
"BTN20001","BTN2","Batch Number Transactions (System)","P","",""
"BTN30001","BTN3","Batch Report (System)","P","",""
"CBL10001","CBL1","Trial Balance (System)","P","",""
"CBL10002","CBL1","Trial Balance - CR (GB) (System)","C","67584","EE04459232A7CD47E030070D7CD85F83"
"CBL20001","CBL2","Expanded Trial Balance (System)","P","",""
"CBL20002","CBL2","Expanded Trial Balance Sheet - CR (GB) (System)","C","73728","0FC9BADF8FEF2A199CEC073157834699"
"CBL30001","CBL3","Trial Balance Comparison (System)","P","",""
"CBL40001","CBL4","Periodic Trial Balance (System)","P","",""
"CBL40002","CBL4","Periodic Trial Balance Sheet - CR (GB) (System)","C","72192","0AA5B926A0C83F9AAD291142E4CFCC64"
"CBL50001","CBL5","Detailed Trial Balance (System)","P","",""
"CFH10001","CFH1","Cash Flow Report (System)","P","",""
"CFH10002","CFH1","Statement Of Cash Flows (CR) (System)","C","69120","FABDF518DB8D821F056335A7403BDDE6"
"CFT10001","CFT1","Cash Flow Reference Report (System)","P","",""
"CHH10001","CHH1","Cheque Register (System)","P","",""
"CHH10003","CHH1","Cheque Register (EhP) (System)","P","",""
"CHO10001","CHO1","Cheques for Payment (System)","P","",""
"CHO10002","CHO1","Cheques for Payment - CR (GB) (System)","C","61952","012B7B2295AC38F77AE08D583D7FBC5F"
"CHO10003","CHO1","UK_Cheque (System)","P","",""
"CHO10005","CHO1","UK Box Amount Cheque (System)","P","",""
"CHO20001","CHO2","Voiding Cheques (System)","P","",""
"CHR10001","CHR1","Cash Report (System)","P","",""
"CLG10001","CLG1","Contact Overview (System)","P","",""
"CLG20001","CLG2","Activity Details - Meeting, Phone Call, Other (System)","P","",""
"CLG30001","CLG3","Activity Details - Task (System)","P","",""
"CLG40001","CLG4","Activity Details - Note (System)","P","",""
"CLN10001","CLN1","Calendar (Monthly) - CR (System)","C","276992","530756ED3C3ACA67D68D87113C4918F1"
"CLN20001","CLN2","Calendar (Weekly) - CR (System)","C","931328","4F5A85A27BB302B7B10D26D9F80DFF6C"
"CLN30001","CLN3","Calendar (Work Weekly) - CR (System)","C","931328","91388A952A8B64B91CC8DB584F09E347"
"CLN40001","CLN4","Calendar (Daily) - CR (System)","C","218624","3CD84363D6B918BAEEE946C63AD0460F"
"CLN50001","CLN5","Calendar (By Group) - CR (System)","C","1064448","0A81887C360192B0E3DAF2944C94C885"
"CPI30001","CPI3","AP Correction Invoice (Services) (System)","P","",""
"CPI40001","CPI4","AP Correction Invoice (Items) (System)","P","",""
"CPN10001","CPN1","Campaign - CR (System)","C","59392","57814161244A04DB301F60BBC8D3D76A"
"CPN20001","CPN2","Campaign List Report - CR (System)","C","67584","EE4ED5D2A7175B0CBA8D80A26E40A9C3"
"CPV30001","CPV3","AP Correction Invoice Reversal (Services) (System)","P","",""
"CPV40001","CPV4","AP Correction Invoice Reversal (Items) (System)","P","",""
"CRD10001","CRD1","BP Index (System)","P","",""
"CRD20001","CRD2","Inactive Customers (System)","P","",""
"CRD30001","CRD3","Last Prices (System)","P","",""
"CRD30003","CRD3","Last Prices  (EhP) (System)","P","",""
"CRH10001","CRH1","Credit Card Management (System)","P","",""
"CRH20001","CRH2","Postdated Credit Vouchers (System)","P","",""
"CRH20002","CRH2","Postdated Credit Vouchers - CR (GB) (System)","C","67584","E1B4D9E315F308988AB780EFD16654C2"
"CRTF0001","CRTF","Certificate Letter (System)","P","",""
"CRTF0002","CRTF","Certificate Letter - CR (GB) (System)","C","58368","65B1CCE926B0B8DCD5079443518475D0"
"CSE10001","CSE1","IRU Audit Trail Report (System)","P","",""
"CSI30001","CSI3","AR Correction Invoice (Service) (System)","P","",""
"CSI40001","CSI4","AR Correction Invoice (Items) (System)","P","",""
"CSV30001","CSV3","AR Cor. Inv. Reversal (Services) - CEE (System)","P","",""
"CSV40001","CSV4","AR Cor. Inv. Reversal (Items) - CEE (System)","P","",""
"CTR10001","CTR1","Service Contract (System)","P","",""
"CTR20001","CTR2","Service Contract - Customer (System)","P","",""
"CTR30001","CTR3","Service Contract - Item Group (System)","P","",""
"CTR40001","CTR4","Service Contract Report (System)","P","",""
"CTT10001","CTT1","Service Contract Template (System)","P","",""
"DAE10001","DAE1","Archiving Error Log 1 (System)","P","",""
"DAE20001","DAE2","Data Archiving Error Log 2 (System)","P","",""
"DAR00001","DAR0","Archiving Cluster Report (System) (System)","P","",""
"DAR10001","DAR1","Recommendation Report (System)","P","",""
"DEC10001","DEC1","Tax Report with Credit Notes (System)","P","",""
"DEC10002","DEC1","Tax Report with Credit Notes - CR (GB) (System)","C","69632","656CFFF02959DCB27B1685D548A1B0E9"
"DLN10001","DLN1","Delivery (System)","P","",""
"DLN10002","DLN1","AR Delivery Note (Service) - CR (GB) (System)","C","163840","1932D2635813E7AA59C4AF5D68017623"
"DLN10003","DLN1","Delivery (DIN) (System)","P","",""
"DLN20001","DLN2","Delivery (System)","P","",""
"DLN20002","DLN2","AR Delivery Note (Item) - CR (GB) (System)","C","225792","74ACF734CDBC95F4CA10C04F98733531"
"DLN20003","DLN2","Delivery Master Template (System)","P","",""
"DLN20004","DLN2","Packing List - CR (GB) (System)","C","146944","324EE163840F85293FC548E11E5DB722"
"DLN20005","DLN2","Delivery Including Batch/SN (System)","P","",""
"DLN20006","DLN2","1.Delivery_ใบส่งของ","C","98816","25E6114DEA7ED5519F02CE356C57002B"
"DLN20007","DLN2","Delivery (DIN) (System)","P","",""
"DLN20008","DLN2","2.Delivery_ใบส่งของ_(Batch&Serial)","C","110080","41459BC92A714EFF70BDB248439A0492"
"DLN30001","DLN3","Delivery (System)","P","",""
"DPI10001","DPI1","AR Down Payment (Service) (System)","P","",""
"DPI10002","DPI1","AR Down Payment (Service) - CR (GB) (System)","C","281600","88BE880C1AC959AF0F6C20CE8FAAAB42"
"DPI10003","DPI1","AR Down Payment (Service) (DIN) (System)","P","",""
"DPI20001","DPI2","AR Down Payment (Items) (System)","P","",""
"DPI20002","DPI2","AR Down Payment (Item) - CR (GB) (System)","C","295424","8942D4B99F889A653C9C782B718BC667"
"DPI20003","DPI2","AR Down Payment (Items) (DIN) (System)","P","",""
"DPI20004","DPI2","1.A/R Down Payment_ใบเสร็จรับเงินมัดจำ","C","103424","1441B5D344B4B55066EB9724E9F25C42"
"DPI20005","DPI2","2.A/R Down Payment/Tax Invoice_ใบเสร็จรับเงินมัดจำ/ใบกำกับภาษี","C","103424","463B9952ECF03CA310AADA74AE708823"
"DPI20006","DPI2","3.A/R Down Payment/Tax Invoice_ใบแจ้งหนี้เงินค่ามัดจำ/ใบกำกับภาษี","C","99840","E3290BB963303432A8378AFE3EA7B2E7"
"DPI30001","DPI3","AR Down Payment (Document Summary) (System)","P","",""
"DPO10001","DPO1","AP Down Payment (Service) (System)","P","",""
"DPO20001","DPO2","AP Down Payment (Items) (System)","P","",""
"DPO20002","DPO2","1.A/P Down Payment Invoice_ใบจ่ายเงินมัดจำ","C","102912","6B94176F7C5566BD47C490D61ADAEB24"
"DPO20003","DPO2","2.A/P Down Payment Invoice_ใบจ่ายเงินมัดจำ/ใบกำกับภาษี","C","102912","FFD14B237252410D846988F3FD91D1D0"
"DPO30001","DPO3","AP Down Payment (Document Summary) (System)","P","",""
"DPS10001","DPS1","Cheque Deposit (System)","P","",""
"DPS10002","DPS1","Cheque Deposit - CR (GB) (System)","C","70656","D617BD07FA7EB81F5C3650F568FE7D30"
"DPS20001","DPS2","Credit Deposit (System)","P","",""
"DPS30001","DPS3","Cash Deposit (System)","P","",""
"DPS40001","DPS4","Postdated Cheque Deposit (System)","P","",""
"DPS40002","DPS4","Postdated Cheque Deposit - CR (GB) (System)","C","65536","6AAAED4A671E5ACE866AEC6FA4E3C12B"
"DPS50001","DPS5","Bill of Exchange Deposit (System)","P","",""
"DUN00001","DUN0","Dunning Letter 01 (System)","P","",""
"DUN00002","DUN0","Dunning Letter 01 - CR (GB) (System)","C","131584","9D00D14525641AF862025B86EAD911BC"
"DUN10001","DUN1","Dunning Letter 02 (System)","P","",""
"DUN20001","DUN2","Dunning Letter 03_with Fee (System)","P","",""
"DUN20003","DUN2","Dunning Letter 03_with Interest (System)","P","",""
"DUN30001","DUN3","Dunning Letter 04 (System)","P","",""
"DUN40001","DUN4","Dunning Letter 05 (System)","P","",""
"DUN50001","DUN5","Dunning Letter 06 (System)","P","",""
"DUN60001","DUN6","Dunning Letter 07 (System)","P","",""
"DUN70001","DUN7","Dunning Letter 08 (System)","P","",""
"DUN80001","DUN8","Dunning Letter 09 (System)","P","",""
"DUN90001","DUN9","Dunning Letter 10 (System)","P","",""
"DUNA0001","DUNA","Dunning All (System)","P","",""
"DUS00001","DUS0","Dunning Wizard (System)","P","",""
"DUS10001","DUS1","Dunning History Report (System)","P","",""
"DUS20001","DUS2","Dunning Invoice Report (System)","P","",""
"DUS20002","DUS2","Dunning Invoice Report - CR (System)","C","59392","D8425C8E211A916BEDF6EC976990E0A2"
"EDG10001","EDG1","Discount Group Report - CR (System)","C","64000","A0900350A258952ADACD952464C226B5"
"EU010001","EU01","349 Report (System)","P","",""
"EULA0001","EULA","EULA Report (System)","P","",""
"GDP00001","GDP0","Personal Data Report (System)","C","67584","DE262926CB850DB0092ABBCEB2D8F661"
"GRP10001","GRP1","Graph Window (System)","P","",""
"HEM10001","HEM1","Employees Report (System)","P","",""
"HEM20001","HEM2","Employee List (System)","P","",""
"HEM30001","HEM3","Employee Absence Report (System)","P","",""
"HEM40001","HEM4","Employee Phone Book (System)","P","",""
"IAR10001","IAR1","Stock Audit Report - by Items (System)","P","",""
"IAR10002","IAR1","Stock Audit Report (by Items) - CR (GB) (System)","C","68608","CCD1BBFEB5EC15703A6801C24D0CE8E0"
"IAR10003","IAR1","Stock Audit Report - by Items (EhP) (System)","P","",""
"IAR20001","IAR2","Stock Audit Report - Accounts (System)","P","",""
"IAR20002","IAR2","Stock Audit Report (by Accounts) - CR (GB) (System)","C","67584","9F00687CD01EA580F48FC31A7E7E82BF"
"IAR20003","IAR2","Stock Audit Report - Accounts (EhP) (System)","P","",""
"IBT10001","IBT1","Batch Numbers (System)","P","",""
"IBT20001","IBT2","Batch Number Transactions (System)","P","",""
"IBT30001","IBT3","Batch Report (System)","P","",""
"IDN10001","IDN1","AR Debit Note (Service) (System)","P","",""
"IDN20001","IDN2","AR Debit Note (Items) (System)","P","",""
"IDN30001","IDN3","AR Debit Note (Document Summary) (System)","P","",""
"IEB10001","IEB1","AR Exempt Bill (System)","P","",""
"IEB20001","IEB2","AR Exempt Bill (Items) (System)","P","",""
"IEB30001","IEB3","AR Exempt Bill (Document Summary) (System)","P","",""
"IEX10001","IEX1","AR Invoice Exempt (Service) (System)","P","",""
"IEX20001","IEX2","AR Invoice Exempt (Items) (System)","P","",""
"IEX30001","IEX3","AR Invoice Exempt (Document Summary) (System)","P","",""
"IGE10001","IGE1","Goods Issue (System)","P","",""
"IGE10002","IGE1","1.Goods Issue_ใบเบิกสินค้า","C","79872","261C5AE2BFF1D41C09889A2723755849"
"IGE10003","IGE1","2.Goods Issue_ใบเบิกสินค้า_(Batch&Serial)","C","80384","2F10FBBA42193E28D932B4FDB89CCCD2"
"IGE20001","IGE2","Issue for Production (System)","P","",""
"IGE20002","IGE2","1.Issue for Production_ใบเบิกวัตถุดิบเพื่อการผลิต","C","86528","163404E9D0BCCD811B216B53FE08FC57"
"IGE20003","IGE2","2.Issue for Production_ใบเบิกวัตถุดิบเพื่อการผลิต_(Batch&Serial)","C","112640","560D6AAF1D84DC70EF4BE6B7F7D1F340"
"IGN10001","IGN1","Goods Receipt (System)","P","",""
"IGN10002","IGN1","1.Goods Receipt_ใบรับสินค้า","C","88576","99682468A57B1CEBA48662804EDF1710"
"IGN10003","IGN1","2.Goods Receipt_ใบรับสินค้า_(Batch&Serial)","C","84480","FACDE11ED36A8B988193FF0C5BA3CA29"
"IGN20001","IGN2","Receipt from Production (System)","P","",""
"IGN20002","IGN2","1.Receipt from Production_ใบรับสินค้าจากการผลิต","C","87552","A7D47ACE1E8CFEB886C0F906C5497193"
"IGN20003","IGN2","2.Receipt from Production_ใบรับสินค้าจากการผลิต_(Batch&Serial)","C","111104","ED30A1D50DFF673AF3331C7D014A8187"
"INB10001","INB1","AR Bill (Service) (System)","P","",""
"INB20001","INB2","AR Bill (Items) (System)","P","",""
"INB30001","INB3","AR Bill (Document Summary) (System)","P","",""
"INC10001","INC1","Inventory Counting - CR (System)","C","118784","B4F71DA07871D3C83777EE10D3208C07"
"INC10002","INC1","1.Inventory Counting_ใบตรวจนับสินค้า_Befor","C","78336","23C54C64508B3A0488A9F438F482E818"
"INC10003","INC1","2.Inventory Counting_ใบหลังตรวจนับสินค้า_After","C","79872","43A18A6D09011051AB5E22A6AA14956E"
"INE10001","INE1","AR Export Invoice (Service) (System)","P","",""
"INE20001","INE2","AR Export Invoice (Items) (System)","P","",""
"INE30001","INE3","AR Export Invoice (Document Summary) (System)","P","",""
"INM10001","INM1","Stocktaking (System)","P","",""
"INM10002","INM1","Stocktaking Report - CR (GB) (System)","C","65536","92F200ADC9055D8A47A5A0DBC2AF9A21"
"INM20001","INM2","Stocktaking Update (System)","P","",""
"INR10001","INR1","Stock Valuation (System)","P","",""
"INR20001","INR2","Stock Valuation (System)","P","",""
"INR30001","INR3","Stock Valuation Report (System)","P","",""
"INR30002","INR3","Stock Valuation Report Simulation Report (by Items) - CR (System)","C","69120","709FD97B86C9A14B67E0404AB2D68D6C"
"INR30003","INR3","Stock Valuation Report (EhP) (System)","P","",""
"INS10001","INS1","Customer Equipment Card Report (System)","P","",""
"INV10001","INV1","Invoice (System)","P","",""
"INV10002","INV1","AR Invoice (Service) - CR (GB) (System)","C","416256","836833BD2C218A583DD891EAC6B0A48C"
"INV10003","INV1","Invoice_Service UK (System)","P","",""
"INV10005","INV1","VAT Only Invoice (System)","P","",""
"INV10007","INV1","Invoice (DIN) (System)","P","",""
"INV20001","INV2","Invoice_Item Type and Details (System)","P","",""
"INV20002","INV2","Packing List - CR (GB) (System)","C","146944","4CF524B9683D53B81C476434575E818A"
"INV20003","INV2","AR Invoice (System)","P","",""
"INV20004","INV2","AR Invoice (Item) - CR (GB) (System)","C","476160","CFDACE36D9F72B4C5B49E1C87BAA3785"
"INV20005","INV2","Invoice Master Template (System)","P","",""
"INV20006","INV2","1.A/R Invoice_ใบแจ้งหนี้","C","100864","4603894C03AABE18B61ABAABBAF08FD7"
"INV20007","INV2","VAT Only Invoice (System)","P","",""
"INV20008","INV2","2.A/R Invoice_ใบแจ้งหนี้_(Dis)","C","90112","32117CAF5F3908C3A5BBE03713C19FF1"
"INV20009","INV2","Invoice (DIN) (System)","P","",""
"INV20010","INV2","3.Tax Invoice_ใบกำกับภาษี","C","97792","B1782EDE58081D9AE77801362FB10C38"
"INV20011","INV2","Invoice Including Batch/SN (System)","P","",""
"INV20012","INV2","4.A/R Invoice/Tax Invoice_ใบแจ้งหนี้/ใบกำกับภาษี","C","97792","28CE25AF7E10818B2E67EB42EEDDFB18"
"INV20013","INV2","5.Delivery/Tax Invoice_ใบส่งของ/ใบกำกับภาษี_(Batch&Serial)","C","113664","CC4DA10ECA98D14DB9B08233E28B3718"
"INV20014","INV2","6.A/R Invoice/Delivery/Tax Invoice_ใบส่งของ/ใบแจ้งหนี้/ใบกำกับภาษี","C","91136","88761361BC63778095C8D945DCA3193C"
"INV20015","INV2","7.Delivery/A/R Invoice/Tax Invoice_ใบส่งของ/ใบแจ้งหนี้/ใบกำกับภาษี_(Batch&Serial)","C","113664","2C60EC836896FDFD9577ED79EFA25E13"
"INV20016","INV2","8.A/R Debit Note_ใบเพิ่มหนี้","C","98304","27B38494CA96394792074BB10E800F61"
"INV30001","INV3","Invoice (System)","P","",""
"INV90001","INV9","SEPA direct debit prenotification - CR (System)","C","88576","7ABEB685AC5A3AA946510E6FE0426216"
"IPF10001","IPF1","Landed Costs (System)","P","",""
"IPF10002","IPF1","1.Landed Costs_ใบปรับราคาต้นทุนสินค้า","C","92160","F236884E2542D533451309D85FFF1301"
"IPF20001","IPF2","Landed Costs Details (System)","P","",""
"IQI10001","IQI1","Inventory Opening Balance - CR (System)","C","72704","8972AD6F20537E5C922EE57465D6075F"
"IQR10001","IQR1","Inventory Posting - CR (System)","C","73216","B23613312310CDD06E641DBB5FA37249"
"IRA10001","IRA1","Stock Counting Risk Assessment Report - CR (System)","C","61440","73CAF2C028843CAFE5DBD3A6256299C5"
"ITK10001","ITK1","Stock Counting Transactions Report - CR (System)","C","133632","F4800602A8F28500A25F91FA0E85A652"
"ITL10001","ITL1","Stock Posting List (System)","P","",""
"ITL20001","ITL2","Stock Posting List (System)","P","",""
"ITL30001","ITL3","Stock Posting List (System)","P","",""
"ITM10001","ITM1","Items Index (System)","P","",""
"ITM20001","ITM2","Price Lists (System)","P","",""
"ITM30001","ITM3","Inactive Items (System)","P","",""
"ITM40001","ITM4","Stock Status (System)","P","",""
"ITM40002","ITM4","Stock Status - CR (GB) (System)","C","68096","76530CE99DCFAAEB1D7DDC97DCCFECF2"
"ITM40003","ITM4","Stock Status  (EhP) (System)","P","",""
"ITM50001","ITM5","ATP Report (System)","P","",""
"ITM50003","ITM5","ATP Report (EhP) (System)","P","",""
"ITR10001","ITR1","Unreconciled Transactions - Internal (System)","P","",""
"ITR20001","ITR2","Reconciled Transactions - Internal (System)","P","",""
"ITT10001","ITT1","Bill of Materials (System)","P","",""
"ITT10003","ITT1","Bill of Materials  (EhP) (System)","P","",""
"ITT20001","ITT2","Bill of Materials Report (System)","P","",""
"ITT20003","ITT2","Bill of Materials Report  (EhP) (System)","P","",""
"ITW10001","ITW1","Stock in Warehouse Report (System)","P","",""
"ITW20001","ITW2","Stock in Warehouse Report (Detailed) (System)","P","",""
"JDT10001","JDT1","Journal Voucher (System)","P","",""
"JDT20001","JDT2","Journal Entry (System)","P","",""
"JDT20002","JDT2","1.Journal Entry_ใบบันทึกรายการบัญชี","C","76800","D2AA5209D0C494E958247031762C9D1F"
"JDT30001","JDT3","Unreconciled Transactions (System)","P","",""
"JDT30003","JDT3","Expanded Unreconciled Transactions (System)","P","",""
"JDT40001","JDT4","Transaction Journal (System)","P","",""
"JDT40002","JDT4","Transaction Journal - CR (GB) (System)","C","69120","2AC7A2EA6530E780F1134F5E97371D02"
"JDT40003","JDT4","Transaction Journal  (EhP) (System)","P","",""
"JDT50001","JDT5","Account Balance (System)","P","",""
"JDT70001","JDT7","Document Journal (System)","P","",""
"JDT70002","JDT7","Document Journal - CR (GB) (System)","C","74752","DDFFC16DE503153DB1DAD3789B56FEB8"
"JDT70003","JDT7","Document Journal (EhP) (System)","P","",""
"JDT80001","JDT8","Document Journal (System)","P","",""
"JDT80003","JDT8","Document Journal  (EhP) (System)","P","",""
"JVC10001","JVC1","General Journal Voucher Report (System)","P","",""
"LDG10001","LDG1","General Ledger (System)","P","",""
"LDG10002","LDG1","General Ledger - CR (GB) (System)","C","74752","76936C16FE9E8895167AF152A65116AB"
"LDG10003","LDG1","General Ledger  (EhP) (System)","P","",""
"LDG20001","LDG2","Expanded Ledger (System)","P","",""
"LDG20003","LDG2","General Ledger by Due Date (System)","P","",""
"LDG20005","LDG2","General Ledger by Posting Date (System)","P","",""
"LDG20007","LDG2","General Ledger (Totals only) (System)","P","",""
"LDG20009","LDG2","General Ledger for All Currencies BP (System)","P","",""
"LDG20011","LDG2","General Ledger by Control Account (System)","P","",""
"LDG20013","LDG2","General Ledger by Posting Date  (EhP) (System)","P","",""
"LDG20015","LDG2","General Ledger for All Curr. BP (EhP) (System)","P","",""
"LDG20017","LDG2","Expanded Ledger (EhP) (System)","P","",""
"LDG20019","LDG2","General Ledger (Totals Only)  (EhP) (System)","P","",""
"LDG20021","LDG2","General Ledger by Due Date  (EhP) (System)","P","",""
"LDG20023","LDG2","General Ledger by Control Account  (EhP) (System)","P","",""
"MDC10001","MDC1","Master Data Cleanup Recommendation Report - CR (System)","C","60416","130686C6419A25427D4A9B30985A29D7"
"MDC20001","MDC2","Master Data Cleanup Summary Report - CR (System)","C","57344","CFC8116D46982A17FFF63810E2F8D449"
"MDC30001","MDC3","Master Data Cleanup Error Log Report - CR (System)","C","54784","F47F43CB1396F2CE3C7DC4C438FCEAA3"
"MRV10001","MRV1","Stock Revaluation (System)","P","",""
"MRV10002","MRV1","1.Inventory Revaluation_ใบปรับมูลค่า_Price","C","79872","F2031286FBE7680C338A1714C94C0FA1"
"MRV10003","MRV1","2.Inventory Revaluation_ใบปรับมูลค่า_Debit/Credit","C","81408","94FDEF65E5D400738127498536EAE978"
"MTH10001","MTH1","Reconciled Transactions (System)","P","",""
"MTH20001","MTH2","Balancing Transactions (System)","P","",""
"MTH30001","MTH3","Reconciliation Management (System)","P","",""
"NOB10001","NOB1","Messages (System)","P","",""
"NOB50001","NOB5","Confirmation Report (System)","P","",""
"OAHS0001","OAHS","Asset History Sheet (System)","P","",""
"OAHS0002","OAHS","Asset History Sheet Report - CR (System)","C","71168","AC9AF1A8083D49EE9D3DFEE27DE740C0"
"OAT10001","OAT1","Blanket Agreement - CR (System)","C","99840","F108B625E4EA31382F2525FD9D5FF769"
"OAT70001","OAT7","Blanket Agreements List - CR (System)","C","65024","DD3A9DE8E26C212AA53752AFB2893C0A"
"OP100001","OP10","Opportunities - Lost (System)","P","",""
"OP110001","OP11","Opportunity Source Distribution (System)","P","",""
"OP120001","OP12","Opportunities List (System)","P","",""
"OP130001","OP13","Opportunities Statistics (System)","P","",""
"OP140001","OP14","Opportunities Forecast Over Time (System)","P","",""
"OP150001","OP15","Opportunity Statistics - One Group (System)","P","",""
"OPR10001","OPR1","Opportunity (System)","P","",""
"OPR20001","OPR2","Opportunities Won (System)","P","",""
"OPR30001","OPR3","Opportunity Analysis (System)","P","",""
"OPR40001","OPR4","Opportunity Analysis - Group Display (System)","P","",""
"OPR50001","OPR5","Opportunity Analysis (System)","P","",""
"OPR60001","OPR6","Opportunity List (System)","P","",""
"OPR70001","OPR7","Stages Analysis Report (System)","P","",""
"OPR80001","OPR8","Stage Analysis Report (Detailed) (System)","P","",""
"OPR90001","OPR9","Opportunities Forecast (System)","P","",""
"PCH10001","PCH1","AP Invoice (System)","P","",""
"PCH10003","PCH1","Invoice (DIN) (System)","P","",""
"PCH20001","PCH2","AP Invoice (System)","P","",""
"PCH20002","PCH2","1.A/P Invoice_ใบแจ้งหนี้","C","97280","5503806A29C25CC4F798CC9A5A8A1119"
"PCH20003","PCH2","Invoice (DIN) (System)","P","",""
"PCH20004","PCH2","2.A/P Invoice_ใบแจ้งหนี้_(Batch&Serial)","C","115200","8AF2862C6E757F70E2C415C315AFCBA9"
"PCH20005","PCH2","3.A/P Invoice/Tax Invoice_ใบแจ้งหนี้/ใบกำกับภาษี","C","90624","B69CE2BF1F23527DC487BF97F22FDE3F"
"PCH20006","PCH2","4.A/P Debit Note_ใบเพิ่มหนี้","C","90624","7D17CDC6013C0658CFF787DA8CA99E90"
"PCH30001","PCH3","AP Invoice (System)","P","",""
"PDM10001","PDM1","AP Debit Note (System)","P","",""
"PDM20001","PDM2","AP Debit Note (System)","P","",""
"PDM30001","PDM3","AP Debit Note (System)","P","",""
"PDN10001","PDN1","Goods Receipt PO (System)","P","",""
"PDN10003","PDN1","Goods Receipt PO (DIN) (System)","P","",""
"PDN20001","PDN2","Goods Receipt PO (System)","P","",""
"PDN20002","PDN2","1.Goods Receive PO_ใบรับสินค้า","C","96768","D54DBB9D010B97CC66597CA7FFF17E01"
"PDN20003","PDN2","Goods Receipt PO (DIN) (System)","P","",""
"PDN20004","PDN2","2.Goods Receive PO_ใบรับสินค้า_(Batch&Serial)","C","108544","505743A6CFB4BC212D3961F2616CDEB2"
"PDN30001","PDN3","Goods Receipt PO (System)","P","",""
"PJT10001","PJT1","Implementation Project Print Layout (System)","C","59904","D0DE8FB27F04D5EF4EBD42B154CDB16B"
"PKG10001","PKG1","AR Packaging (Items) (System)","P","",""
"PKG10002","PKG1","Packing List - CR (GB) (System)","C","146944","270884E3E4F20C309E34702DE88C1548"
"PLN10001","PLN1","Price Report - CR (System)","C","27136","CDFCAADBEF54E1D45A6334B3096CB534"
"PLR10001","PLR1","Purchase Ledger Report (System)","P","",""
"POR10001","POR1","Purchase Order (System)","P","",""
"POR10002","POR1","AP Purchase Order (Service) - CR (GB) (System)","C","228864","126786347734B6ABC181D2ED76770652"
"POR10003","POR1","Purchase Order (DIN) (System)","P","",""
"POR20001","POR2","Purchase Order (System)","P","",""
"POR20002","POR2","AP Purchase Order (Item) - CR (GB) (System)","C","224256","2F6FDFF371D484F3854B567CD162E5C2"
"POR20003","POR2","Purchase Order (DIN) (System)","P","",""
"POR20004","POR2","1.Purchase Order_ใบสั่งซื้อ","C","102912","D521B54873CF269FD2E77739FEF1CDBF"
"POR30001","POR3","Purchase Order (System)","P","",""
"PPAC0001","PPAC","Preliminary Page - Accounting (System)","P","",""
"PPBK0001","PPBK","Preliminary Page - Banking (System)","P","",""
"PPFI0001","PPFI","Preliminary Page - Financial (System)","P","",""
"PPIN0001","PPIN","Preliminary Page - Stock (System)","P","",""
"PPTX0001","PPTX","Preliminary Page - Tax (System)","P","",""
"PQT10001","PQT1","AP Purchase Quotation (Service) - CR (System)","C","152064","362546087009A7A12DA182C115414625"
"PQT20001","PQT2","AP Purchase Quotation  (Items)- CR (System)","C","169984","21E099DF4174C9E06E935117B47AF81D"
"PQT20002","PQT2","1.Purchase Quotation_ใบเสนอราคาซื้อ","C","96768","523384D8C00E09690EFAEE004A11D940"
"PQT30001","PQT3","AP Purchase Quotation (Document Summary) - CR (System)","C","61952","FC7ED8F01C027109D90A87BF7E01BF3A"
"PRC10001","PRC1","Cost Centre Report by Distribution Rules (System)","P","",""
"PRC20001","PRC2","Cost Centre Report by Linked Accounts (System)","P","",""
"PRC30001","PRC3","Distribution Report (System)","P","",""
"PRC30002","PRC3","Distribution Report - CR (System)","C","70144","EE714901A0B7A4B98F254ACC5E150E95"
"PRC40001","PRC4","Cost Accounting Summary Report (System)","P","",""
"PRC40002","PRC4","Cost Accounting Summary Report - CR (System)","C","68608","364C618A427F1F05B7DC47A2F45C5D56"
"PRC50001","PRC5","Budget Versus Cost Accounting Report (System)","P","",""
"PRC50002","PRC5","Budget Versus Cost Accounting - CR (System)","C","61952","4420D33E27D2BAFF06934384843B73D8"
"PRC60001","PRC6","Cost Accounting Reconciliation Report (System)","P","",""
"PRC60002","PRC6","Cost Accounting Reconciliation Report - CR (System)","C","65536","BF9AA05EE03824B00E79A2BA270421DF"
"PRJ10001","PRJ1","Transaction Report by Projects (System)","P","",""
"PRM10001","PRM1","General Authorizations - CR (System)","C","72704","3DE34BA0D68345FBD51A162370701251"
"PRN10001","PRN1","Purchase Analysis - Single (System)","P","",""
"PRN20001","PRN2","Purchase Analysis (System)","P","",""
"PRN30001","PRN3","Monthly Purchase Analysis Report (System)","P","",""
"PRQ10001","PRQ1","AP Purchase Request (Service) - CR (System)","C","158720","0009E7D5F8FE19731AE6643D8B570F13"
"PRQ20001","PRQ2","AP Purchase Request (Items)- CR (System)","C","176128","181033D02048935AEC9E53D3FFAEB633"
"PRQ20002","PRQ2","1.Purchase Request _ใบขอซื้อ","C","94720","733A859DEFE51CFCB75A0A02B4BCDE7C"
"PRR20001","PRR2","Purchase Returns Request (Item) - CR (US) (System)","C","264704","A3CD1302431105D8CB563B2DE1FDB0CF"
"PTU10001","PTU1","Input VAT Report - CEE (System)","P","",""
"PTU20001","PTU2","Output VAT Report (System) - CEE (System)","P","",""
"PWZ00001","PWZ0","Payment Wizard Recommendation Report (System)","P","",""
"PWZ00002","PWZ0","Payment Wizard Recommendation Report - CR (GB) (System)","C","80384","836BE1550F77EE80BE43BB5893B2859F"
"PWZ10001","PWZ1","Country/Region Summary Report (System)","P","",""
"PWZ20001","PWZ2","Currency Summary Report (System)","P","",""
"PWZ30001","PWZ3","Payment Method Summary Report (System)","P","",""
"PWZ40001","PWZ4","Bank Account Summary Report (System)","P","",""
"PWZ50001","PWZ5","Cheques Summary Report (System)","P","",""
"PWZ60001","PWZ6","Bank Transfer Summary Report (System)","P","",""
"PWZ70001","PWZ7","Error Log Report (System)","P","",""
"PWZ80001","PWZ8","BP Summary Report (System)","P","",""
"PWZ90001","PWZ9","Bill of Exchange Summary Report (Sys) (System)","P","",""
"QUT10001","QUT1","Sales Quotation (System)","P","",""
"QUT10002","QUT1","AR Sales Quotation (Service) - CR (GB) (System)","C","150528","A491304EF724A12176EF6A4685CFC0CF"
"QUT10003","QUT1","Sales Quotation (DIN) (System)","P","",""
"QUT20001","QUT2","Quotation Master Template (System)","P","",""
"QUT20002","QUT2","AR Sales Quotation (Item) - CR (GB) (System)","C","168960","0C5E92D20B3D9B9E4EAD1EBCA2FE160F"
"QUT20003","QUT2","Sales Quotation (System)","P","",""
"QUT20004","QUT2","1.Sale Quotation_ใบเสนอราคาขาย","C","78848","01D0D3063C7A3873C553E797B5633A6E"
"QUT20005","QUT2","Sales Quotation - Type and Details (System)","P","",""
"QUT20006","QUT2","2.Sale Quotation_ใบเสนอราคาขาย_(Dis)","C","90112","E1ADE02A7211E8E0DC3CA631AA707246"
"QUT20007","QUT2","Sales Quotation (DIN) (System)","P","",""
"QUT20008","QUT2","3.Sale Quotation_ใบเสนอราคาขาย(BOM)","C","90112","224F7743A20AB1C9AA2A113B56160924"
"QUT30001","QUT3","Sales Quotation (System)","P","",""
"R8560001","R856","Bank Statement Report (System)","P","",""
"R8560003","R856","Preliminary Page - Banking (System)","P","",""
"RB010001","RB01","Tax Register Book (System)","P","",""
"RCH00001","RCH0","Supplier Cheque Register Report (System)","P","",""
"RCL10001","RCL1","Recurring Transaction Instances (System)","P","",""
"RCM10001","RCM1","Order Recommendations (System)","P","",""
"RCRI0001","RCRI","Stock Valuation Method Report","C","52224","290E8BEB0B989E526D0A5811727B4946"
"RCRI0002","RCRI","Bank Reconciliation Report","C","196096","C4726662A9E3D326FAD29C7120781B46"
"RCRI0003","RCRI","Payment Orders Report by Business Partner","C","62976","300609A5F7B47DCB059B7879B23A864E"
"RCRI0004","RCRI","Payment Orders Report by Payment Run","C","60928","50FBE1065F86B6CF533C4DA6DCBB82D9"
"RCRI0005","RCRI","Annual Sales Analysis (by Quarter)","C","90624","79A28FB470B28BADC1A9EB170EABFD8C"
"RCRI0006","RCRI","Business Assessment Report","C","59392","10DFA65471E870277BF2CBF46D71A448"
"RCRI0007","RCRI","Customer Open Document List","C","94720","4827EC543B148408155AF4EDF8996B1E"
"RCRI0008","RCRI","Customer Open Item List - HANA","C","97280","BA26990998E439E4B6FEB132DD137859"
"RCRI0009","RCRI","Stock Turnover Analysis","C","77824","3DB21F9CF46C37F4D401F01DF2E801DC"
"RCRI0010","RCRI","Stock Turnover Analysis - HANA","C","77824","3AA58BD5FECD8C0281FC3F17D5D57E04"
"RCRI0011","RCRI","Monthly Customer Status","C","101376","6D0E6653E47D34303BF5A3E3947C1887"
"RCRI0012","RCRI","Monthly Customer Status - HANA","C","93184","A08C62015F1E52E3B84495D7C75FB188"
"RCT10001","RCT1","Receipt (System)","P","",""
"RCT10002","RCT1","Incoming Payment - CR (GB) (System)","C","158208","AF36D12192E1D8970184CD4CFA154FF4"
"RCT10003","RCT1","Incoming Payment Draft - CR (GB) (System)","C","154624","0CBA9118C2F71250FB3C8134FC7A31FB"
"RCT10004","RCT1","1.Incoming Payments_ใบเสร็จรับเงิน","C","88576","B18D5339F013D8930AD90A95AD20B601"
"RCT10005","RCT1","2.Incoming Payments_ใบเสร็จรับเงิน/ใบกำกับภาษี","C","90624","3A67E609B008B16552D2B967E00C1909"
"RCT30001","RCT3","Bill of Exchange Receipt (System)","P","",""
"RCT30003","RCT3","Letter to Customer (System)","P","",""
"RCT30005","RCT3","Bill of Exchange Letter for Unpaid (System)","P","",""
"RCT30007","RCT3","Bill of Exchange Generation (System)","P","",""
"RDN10001","RDN1","Returns (System)","P","",""
"RDN10002","RDN1","Return (Service) - CR (GB) (System)","C","218112","EF7E53094741B51A7194061F9AA3BC0F"
"RDN10003","RDN1","Returns (DIN) (System)","P","",""
"RDN20001","RDN2","Returns (System)","P","",""
"RDN20002","RDN2","Return (Item) - CR (GB) (System)","C","264192","68143823B5F8BC4831E799D4434CE5BF"
"RDN20003","RDN2","Returns Master Template (System)","P","",""
"RDN20004","RDN2","1.Retrun_ใบรับคืนสินค้า","C","94720","0B3C7DA2FE9B66001ADF7D1D6C7AC2EC"
"RDN20005","RDN2","Returns Including Batch/SN (System)","P","",""
"RDN20006","RDN2","2.Retrun_ใบรับคืนสินค้า_(Batch&Serial)","C","106496","C200804B398A0C802609C18FFF62EFC6"
"RDN20007","RDN2","Returns (DIN) (System)","P","",""
"RDN30001","RDN3","Returns (System)","P","",""
"RDR10001","RDR1","Sales Order (System)","P","",""
"RDR10002","RDR1","AR Sales Order (Service) - CR (GB) (System)","C","208896","16DC726BDD771E3C510E28463132B322"
"RDR10003","RDR1","Sales Order (DIN) (System)","P","",""
"RDR20001","RDR2","Order Master Template (System)","P","",""
"RDR20002","RDR2","AR Sales Order (Item) - CR (GB) (System)","C","269312","19977FBEA0C7714CECF44699A6405DE3"
"RDR20003","RDR2","Pick List (System)","P","",""
"RDR20004","RDR2","1.Sale Order_ใบสั่งขาย","C","96768","10F7B8D19977F51B30E34C231918DD2A"
"RDR20005","RDR2","Order Confirmation (System)","P","",""
"RDR20006","RDR2","2.Sale Order_ใบสั่งขาย_(Dis)","C","393728","17E80BFB0DCBC45BAA12D4595C571ABA"
"RDR20007","RDR2","Order Confirmation (DIN) (System)","P","",""
"RDR20008","RDR2","1.Sale Order_ใบสั่งขาย_(Bom)","C","439296","F4B5822885D49627EE352BF9F43D2485"
"RDR30001","RDR3","Sales Order (System)","P","",""
"RDR40001","RDR4","Order - Pick (System)","P","",""
"RDR50001","RDR5","Sales Order - Assembly BOM Report (System)","P","",""
"REC10001","REC1","VAT Reconciliation Report (System)","P","",""
"REC10002","REC1","VAT Reconciliation Report - CR (GB) (System)","C","66048","605FAD5FBDB7E0067ABA44E96F01059B"
"RIN10001","RIN1","Credit Note (System)","P","",""
"RIN10002","RIN1","AR Credit Note (Service) - CR (GB) (System)","C","235520","0E26E7BC63034FE07ECB2EE69A4AE2BA"
"RIN10003","RIN1","Credit Note (DIN) (System)","P","",""
"RIN20001","RIN2","Credit Note (System)","P","",""
"RIN20002","RIN2","AR Credit Note (Item) - CR (GB) (System)","C","284672","90B091B4FD88123E86ED516E77504EAA"
"RIN20003","RIN2","Credit Master Template (System)","P","",""
"RIN20004","RIN2","1.A/R_Credit Memo_ใบลดหนี้","C","98816","A59FB25D6C59C7EFDB43CCD570504D3F"
"RIN20005","RIN2","Credit Note Including Batch/SN (System)","P","",""
"RIN20006","RIN2","2.A/R_Credit Memo_ใบลดหนี้_(Dis)","C","98816","74F0153C751F2C104EB2B8434A33CE84"
"RIN20007","RIN2","Credit Note (DIN) (System)","P","",""
"RIN20008","RIN2","3.A/R_Credit Memo_ใบลดหนี้_(Batch&Serial)","C","117248","65D4FD34C906466B54AE8EDDB05B94E8"
"RIN30001","RIN3","Credit Note (System)","P","",""
"RLR10001","RLR1","Release Report List (System)","P","",""
"RLR20001","RLR2","Pick List (System)","P","",""
"RLR20002","RLR2","Pick List Including Batch/SN - CR (System)","C","124416","780996BC3009724937619FA26E2CBAE1"
"RLR30001","RLR3","Pick and Pack Manager-Open Status (System)","P","",""
"RLR40001","RLR4","Pick and Pack - Assembly (System)","P","",""
"RPC10001","RPC1","Credit Note (System)","P","",""
"RPC10002","RPC1","AP Credit Note (Service) - CR (GB) (System)","C","181760","52F78F30404B17308A4DFF7A1722895F"
"RPC10003","RPC1","Credit Note (DIN) (System)","P","",""
"RPC20001","RPC2","Credit Note (System)","P","",""
"RPC20002","RPC2","AP Credit Note (Items) - CR (GB) (System)","C","233472","ADF45D157BA3DC2662D521224F189B08"
"RPC20003","RPC2","Credit Note (DIN) (System)","P","",""
"RPC20004","RPC2","1.A/P Credit Memo_ใบลดหนี้","C","96768","DDE95939A6E6F6A5186C2491C303E875"
"RPC30001","RPC3","Credit Note (System)","P","",""
"RPD10001","RPD1","Returns (System)","P","",""
"RPD10002","RPD1","Returns (Service) - CR (GB) (System)","C","202752","C7BAABFB74A869E7C6E344B1BE4A69C3"
"RPD10003","RPD1","Returns (DIN) (System)","P","",""
"RPD20001","RPD2","Returns (System)","P","",""
"RPD20002","RPD2","Returns (Item) - CR (GB) (System)","C","249856","D6A03E0E199EE8720EE6370BF7764CE0"
"RPD20003","RPD2","Returns (DIN) (System)","P","",""
"RPD20004","RPD2","1.Goods Return_ใบส่งคืนสินค้า","C","97280","051EF30114A66A01B2E94D8B07C0D5C6"
"RPD20005","RPD2","2.Goods Return_ใบส่งคืนสินค้า_(Batch&Serial)","C","107520","A4B4B466AA4FF8E822D5C29F556AA992"
"RPD30001","RPD3","Returns (System)","P","",""
"RRR20001","RRR2","Return Request (Item) - CR (US) (System)","C","264192","906C0E8797E52A858A1E827BCEC267ED"
"SA010001","SA01","Sales Analysis by BP Code (System)","P","",""
"SA010002","SA01","Annual Sales Analysis (by Customer) - CR (GB) (System)","C","70144","6919EDAF215211701C24D02F856C51FD"
"SA020001","SA02","Sales Analysis by BP Groups (System)","P","",""
"SA020002","SA02","Annual Sales Analysis (by Customer Group) - CR (GB) (System)","C","69120","D55B85467F862B5C1F8B39AA0241952D"
"SA030001","SA03","Sales Analysis by Items (System)","P","",""
"SA030002","SA03","Periodic Sales Analysis (by Customer) - CR (GB) (System)","C","74752","754E8ADC699F58F4BCE56EC6D542E47F"
"SA040001","SA04","Sales Analysis by Item Groups (System)","P","",""
"SA040002","SA04","Sales Analysis Periodic (by Customer) - CR (GB) (System)","C","73728","6A8388A51424185512BA246FD179A766"
"SA050001","SA05","Sales Analysis by Sales Employee (System)","P","",""
"SA050002","SA05","Detailed Sales Analysis - CR (GB) (System)","C","462336","AF3502CBED52D1BC2F595AAF13F05C5F"
"SA110001","SA11","Purchase Analysis by BP (System)","P","",""
"SA110002","SA11","Annual Sales Analysis (by Item) - CR (GB) (System)","C","66048","E81A3C7A067DACC5CF3505D79B26F9C4"
"SA120001","SA12","Purchase Analysis by BP Groups (System)","P","",""
"SA120002","SA12","Annual Sales Analysis (by Item Group) - CR (GB) (System)","C","67072","89A0DB4550E586ED162C13A1748B6AD4"
"SA130001","SA13","Analysis by Items (System)","P","",""
"SA130002","SA13","Periodic Sales Analysis (by Item) - CR (GB) (System)","C","77312","EFBD415C6705080BD54BCB6D6906E78B"
"SA140001","SA14","Purchase Analysis by Item Groups (System)","P","",""
"SA140002","SA14","Periodic Sales Analysis (by Item Group) - CR (GB) (System)","C","75264","7D16AEF5A59E89F6D43389651BB19585"
"SA150001","SA15","Purchase Analysis by Sales Employee (System)","P","",""
"SA150002","SA15","Detailed Sales Analysis (by Item) - CR (GB) (System)","C","464384","BF13ADC47A025F77CB61AB59008668CD"
"SA210001","SA21","Sales Analysis - Single (System)","P","",""
"SA210002","SA21","Sales Analysis by Sales Employee - CR (GB) (System)","C","67584","E2122B48296619D6F153058119CCDCE0"
"SA230001","SA23","Sales Analysis (System)","P","",""
"SA230002","SA23","Periodic Sales Analysis (by Sales Emoloyee) - CR (GB) (System)","C","73216","C71D81A67D84C5105832E99728FC5570"
"SA310001","SA31","Monthly Sales Analysis (System)","P","",""
"SA310003","SA31","Annual Purchase Analysis by BP  (EhP) (System)","P","",""
"SA320001","SA32","Purchase Analysis by BP Groups (System)","P","",""
"SA320003","SA32","Annual Purchase Analysis by BP Group  (EhP) (System)","P","",""
"SA330001","SA33","Purchase Analysis by BP (System)","P","",""
"SA330003","SA33","Purchase Analysis by BP  (EhP) (System)","P","",""
"SA340001","SA34","Purchase Analysis by BP (System)","P","",""
"SA340003","SA34","Purchase Analysis by BP Group  (EhP) (System)","P","",""
"SA350001","SA35","Purchase Analysis by BP (System)","P","",""
"SA350003","SA35","Purchase Analysis by Sales Employee - Detail  (EhP) (System)","P","",""
"SA410001","SA41","Purchase Analysis by Items (System)","P","",""
"SA410003","SA41","Annual Purchase Analysis by Items  (EhP) (System)","P","",""
"SA420001","SA42","Purchase Analysis by Items (System)","P","",""
"SA420003","SA42","Annual Purchase Analysis by Item Groups  (EhP) (System)","P","",""
"SA430001","SA43","Purchase Analysis by Items (System)","P","",""
"SA430003","SA43","Purchase Analysis by Items  (EhP) (System)","P","",""
"SA440001","SA44","Purchase Analysis by Item Groups (System)","P","",""
"SA440003","SA44","Purchase Analysis by Item Groups  (EhP) (System)","P","",""
"SA450001","SA45","Purchase Analysis by Items (System)","P","",""
"SA450003","SA45","Purchase Analysis by Items - Detail  (EhP) (System)","P","",""
"SA510001","SA51","Purchase Analysis by Sales Employee (System)","P","",""
"SA510003","SA51","Annual Purchase Analysis by Sales Employee  (EhP) (System)","P","",""
"SA530001","SA53","Purchase Analysis by Sales Employee (System)","P","",""
"SA530003","SA53","Purchase Analysis by Sales Employee  (EhP) (System)","P","",""
"SAN10001","SAN1","Sales Analysis - Single (System)","P","",""
"SAN20001","SAN2","Sales Analysis (System)","P","",""
"SAN30001","SAN3","Sales Analysis (System)","P","",""
"SAR10001","SAR1","Stock Ageing Report (System)","P","",""
"SAR10002","SAR1","Stock Aging Report - CR (System)","C","82432","A79CD51366B4592A7C6121FF224337CA"
"SAR20001","SAR2","Stock Ageing Report - Item Details (System)","P","",""
"SAR20002","SAR2","Stock Aging Report(Item Details) - CR (System)","C","63488","A6C11BD32459828E90C682B2625F83F5"
"SCL10001","SCL1","Service Call (System)","P","",""
"SCL20001","SCL2","Technician Form (System)","P","",""
"SCL30001","SCL3","Service Call Report (System)","P","",""
"SCL40001","SCL4","Service Call - Average Closure Time (System)","P","",""
"SCL50001","SCL5","Service Call - Calls by Queue (System)","P","",""
"SCL60001","SCL6","Service Call - Response  by Assigned to (System)","P","",""
"SLR10001","SLR1","Sales Ledger Report (System)","P","",""
"SLT10001","SLT1","Solutions Knowledge Base (System)","P","",""
"SPP10001","SPP1","Special Prices (System)","P","",""
"SPP20001","SPP2","Price List Expansions (System)","P","",""
"SRI10001","SRI1","Serial Numbers Report (System)","P","",""
"SRI20001","SRI2","Serial Number Transactions Report (System)","P","",""
"SRI30001","SRI3","Serial Numbers Structures (System)","P","",""
"SRN10001","SRN1","Serial Numbers Report (System)","P","",""
"SRN20001","SRN2","Serial Number Transactions Report (System)","P","",""
"SRN30001","SRN3","Serial Numbers Structures (System)","P","",""
"SYR10001","SYR1","Summary Report (System)","P","",""
"TAX10001","TAX1","Tax Report (System)","P","",""
"TAX20001","TAX2","Sales and Purchase Ledger (System)","P","",""
"TAX30001","TAX3","Sales And Purchase Ledger (System)","P","",""
"TAX40001","TAX4","Deferred Sales and Purchase Ledger (System)","P","",""
"TAX70001","TAX7","Appendix O & P (System)","P","",""
"TAX80001","TAX8","Annual Sales List (System)","P","",""
"TAX90001","TAX9","Certificate (System)","P","",""
"TAZ10001","TAZ1","Cash Flow Report (System)","P","",""
"TAZ20001","TAZ2","Cash Flow Report (Detailed) (System)","P","",""
"TAZ20002","TAZ2","Cash Flow Report (Detailed) - CR (GB) (System)","C","67584","C77F06D7E0A30D69BAE51E6B102243E6"
"TAZ20003","TAZ2","Cash Flow Report (Detailed)  (EhP) (System)","P","",""
"TAZ20004","TAZ2","Cash Flow - Periodic (System)","C","244224","F3794849535C032DC71B5E9BE35F4258"
"TAZ20005","TAZ2","Cash Flow (System)","C","244224","9A71AEE35BE3427C9389E91FB9722A01"
"TDL10001","TDL1","Open Documents (System)","P","",""
"TDL10002","TDL1","Open Documents - CR (System)","C","67584","4CC180FEF852393E8114BB8862AD0F88"
"TDL10003","TDL1","Open Documents  (EhP) (System)","P","",""
"TDL20001","TDL2","Missing Items (System)","P","",""
"TDL30001","TDL3","Open Production Orders (System)","P","",""
"TDL40001","TDL4","Open Stock Counting - CR (System)","C","52736","C9CB5BAB344DD929221C8B0832FF26B5"
"USRT0001","USRT","User Report (System)","P","",""
"VAT10001","VAT1","Tax Report (System)","P","",""
"VAT20001","VAT2","Monthly Tax Report (System)","P","",""
"VAT30001","VAT3","VAT Report (System) (System)","P","",""
"VAT40001","VAT4","347 Report (System)","P","",""
"VAT50001","VAT5","Tax Report (System)","P","",""
"VAT60001","VAT6","Tax Report (System)","P","",""
"VAT70001","VAT7","EU Sales Report (System)","P","",""
"VAT80001","VAT8","Tax Error Report (System)","P","",""
"VAT90001","VAT9","EU Sales Report - Switch Sides (System)","P","",""
"VAT90002","VAT9","EU Sales Report (Switch Sides) - CR (GB) (System)","C","63488","DFCC974B1CFE02FEA70786F5FC896B22"
"VDD10001","VDD1","Deduction at Source from Suppliers (System)","P","",""
"VDD20001","VDD2","Detailed Deduction Report from Supplier (System)","P","",""
"VDD20003","VDD2","Deduction at Source Certificate (System)","P","",""
"VDD20005","VDD2","Detailed Deduction Report from Supplier (System)","P","",""
"VDD20007","VDD2","Detailed Deduction Report from Supplier (System)","P","",""
"VDD20009","VDD2","Detailed Deduction Report from Supplier (System)","P","",""
"VDD20011","VDD2","Detailed Deduction Report from Supplier (System)","P","",""
"VDD20013","VDD2","Detailed Deduction Report from Supplier (System)","P","",""
"VNR10001","VNR1","Input VAT Analytical Report (System)","P","",""
"VPM10001","VPM1","Outgoing Payment (System)","P","",""
"VPM10002","VPM1","Outgoing Payment - CR (GB) (System)","C","186880","382A4C8661BF20B001CB7CF24F9E2F2C"
"VPM10003","VPM1","Outgoing Payment Draft - CR (GB) (System)","C","175616","56DF7DB340F97A1BD52E5C93BBD30B82"
"VPM10004","VPM1","1.Outgoing Payments_ใบจ่ายชำระ","C","118272","304D4F745510A56CC0CD91743B8E0A42"
"VPM20001","VPM2","Payment Order from OPEX (System)","P","",""
"VPM30001","VPM3","Bill of Exchange - Outgoing Payments (System)","P","",""
"VPM30003","VPM3","Letter to Bank (System)","P","",""
"VPM30005","VPM3","Letter to Supplier (System)","P","",""
"VPM30007","VPM3","Promissory Note (System)","P","",""
"VPM40001","VPM4","Payment Order from OPEX (System)","P","",""
"WHT10001","WHT1","Withholding Tax (System)","P","",""
"WHT20001","WHT2","Supplier Report (System)","P","",""
"WHT30001","WHT3","Detailed Report (System)","P","",""
"WHT40001","WHT4","Withholding Tax - Detailed (System)","P","",""
"WHT50001","WHT5","Statement of Payment to Supplier (System)","P","",""
"WKO10001","WKO1","Work Instructions (System)","P","",""
"WKO20001","WKO2","Production Recommendations Report (System)","P","",""
"WKO30001","WKO3","Open Work Instructions (System)","P","",""
"WOR10001","WOR1","Production Order (System)","P","",""
"WOR10002","WOR1","1.Production Order_ใบสั่งผลิต","C","93184","291E932974249E9553D4611B4D5ABDE9"
"WTQ10001","WTQ1","Stock Transfer Request - CR (System)","C","113664","A4AE38067703A26BC39EBC9A1184ED0E"
"WTQ10002","WTQ1","1.Inventory Transfer Request_ใบขอโอนสินค้า","C","89088","0E0C407898F393525203AA73913F3403"
"WTR10001","WTR1","Stock Transfer (System)","P","",""
"WTR10002","WTR1","1.Inventory Transfer_ใบโอนสินค้า","C","89600","196F628E06D8C68595AACCAA9BF3FA12"
"WTR10003","WTR1","2.Inventory Transfer_ใบโอนสินค้า_(Batch&Serial)","C","99328","BA1E5B626D5DB03C2FA39E94A09ED927"
